code_postal,departement,Part_immigres,Part_descendants_immigres
1,Ain ,11.0,14.1
2,Aisne ,5.0,5.7
3,Allier ,5.8,5.7
4,Alpes-de-Haute-Provence ,8.1,
5,Hautes-Alpes ,5.9,8.5
6,Alpes-Maritimes ,15.1,15.6
7,Ardèche ,5.2,8.6
8,Ardennes ,7.3,6.9
9,Ariège ,7.3,9.5
10,Aube ,8.7,7.7
11,Aude ,9.4,13.9
12,Aveyron ,7.2,6.8
13,Bouches-du-Rhône ,11.3,15.5
14,Calvados ,4.0,4.7
15,Cantal ,2.6,
16,Charente ,7.1,4.8
17,Charente-Maritime ,3.5,3.4
18,Cher ,6.4,8.9
19,Corrèze ,7.3,5.8
201,Corse-du-Sud ,9.1,11.3
202,Haute-Corse ,13.0,11.8
21,Côte-d'Or ,8.0,8.3
22,Côtes-d'Armor ,4.1,2.8
23,Creuse ,4.8,5.7
24,Dordogne ,6.3,4.9
25,Doubs ,9.1,11.2
26,Drôme ,8.1,14.4
27,Eure ,5.3,7.1
28,Eure-et-Loir ,7.6,7.0
29,Finistère ,3.2,3.3
30,Gard ,9.1,8.9
31,Haute-Garonne ,11.1,12.8
32,Gers ,7.7,
33,Gironde ,8.0,9.6
34,Hérault ,11.0,10.9
35,Ille-et-Vilaine ,4.6,4.1
36,Indre ,4.9,5.8
37,Indre-et-Loire ,6.8,7.5
38,Isère ,10.2,14.5
39,Jura ,6.3,5.8
40,Landes ,5.3,5.2
41,Loir-et-Cher ,6.4,5.9
42,Loire ,8.0,11.2
43,Haute-Loire ,4.1,
44,Loire-Atlantique ,5.5,4.6
45,Loiret ,10.5,10.2
46,Lot ,7.3,9.1
47,Lot-et-Garonne ,9.0,11.8
48,Lozère ,4.9,
49,Maine-et-Loire ,4.3,3.9
50,Manche ,3.0,4.0
51,Marne ,6.6,9.7
52,Haute-Marne ,3.7,7.8
53,Mayenne ,3.7,4.2
54,Meurthe-et-Moselle ,8.8,11.5
55,Meuse ,3.6,5.0
56,Morbihan ,3.4,3.0
57,Moselle ,11.5,20.8
58,Nièvre ,6.1,5.9
59,Nord ,7.4,9.4
60,Oise ,8.6,11.8
61,Orne ,6.1,5.5
62,Pas-de-Calais ,2.1,5.9
63,Puy-de-Dôme ,7.0,9.0
64,Pyrénées-Atlantiques ,7.8,8.1
65,Hautes-Pyrénées ,6.9,10.1
66,Pyrénées-Orientales ,10.3,13.6
67,Bas-Rhin ,11.8,11.4
68,Haut-Rhin ,12.7,15.6
69,Rhône ,13.1,14.9
70,Haute-Saône ,4.9,4.4
71,Saône-et-Loire ,7.2,14.3
72,Sarthe ,5.0,4.3
73,Savoie ,7.7,7.9
74,Haute-Savoie ,14.3,12.2
75,Paris ,20.1,14.8
76,Seine-Maritime ,6.1,6.4
77,Seine-et-Marne ,14.7,16.9
78,Yvelines ,16.0,17.6
79,Deux-Sèvres ,5.0,5.5
80,Somme ,4.1,7.1
81,Tarn ,6.4,9.2
82,Tarn-et-Garonne ,9.2,10.9
83,Var ,8.0,10.7
84,Vaucluse ,11.1,18.0
85,Vendée ,3.0,1.7
86,Vienne ,5.0,5.6
87,Haute-Vienne ,7.5,7.6
88,Vosges ,4.9,6.2
89,Yonne ,6.8,9.4
90,Territoire-de-Belfort ,10.0,10.7
91,Essonne ,17.6,22.3
92,Hauts-de-Seine ,19.0,17.9
93,Seine-Saint-Denis ,31.6,31.6
94,Val-de-Marne ,22.7,18.5
95,Val-d'Oise ,21.1,25.5
