code_postal,departement,annee,age,indicateur,valeurs
1,Ain,2020,15-26,Nombre de personne non scolarisé,480283
1,Ain,2020,15-26,Part des diplômés d'un BAC+5 ou plus dans la population non scolarisée,9.4
1,Ain,2020,15-26,Part des diplômés d'un BAC+3 ou BAC+4 dans la population non scolarisée,9
1,Ain,2020,15-26,Part des diplômés d'un BAC+2 dans la population non scolarisée,12.1
1,Ain,2020,15-26,"Part des personnes, dont le diplôme le plus élevé est le bac, dans la population non scolarisée",17.8
1,Ain,2020,15-26,"Part des personne, dont le diplôme le plus élevé est un CAP ou un BEP, dans la population non scolarisée",26.9
1,Ain,2020,15-26,Âge,15-26
2,Aisne,2020,15-26,Nombre de personne non scolarisé,394221
2,Aisne,2020,15-26,Part des diplômés d'un BAC+5 ou plus dans la population non scolarisée,4.3
2,Aisne,2020,15-26,Part des diplômés d'un BAC+3 ou BAC+4 dans la population non scolarisée,6.2
2,Aisne,2020,15-26,Part des diplômés d'un BAC+2 dans la population non scolarisée,9.3
2,Aisne,2020,15-26,"Part des personnes, dont le diplôme le plus élevé est le bac, dans la population non scolarisée",16.5
2,Aisne,2020,15-26,"Part des personne, dont le diplôme le plus élevé est un CAP ou un BEP, dans la population non scolarisée",28.9
2,Aisne,2020,15-26,Âge,15-26
3,Allier,2020,15-26,Nombre de personne non scolarisé,263472
3,Allier,2020,15-26,Part des diplômés d'un BAC+5 ou plus dans la population non scolarisée,5.1
3,Allier,2020,15-26,Part des diplômés d'un BAC+3 ou BAC+4 dans la population non scolarisée,6.7
3,Allier,2020,15-26,Part des diplômés d'un BAC+2 dans la population non scolarisée,9.8
3,Allier,2020,15-26,"Part des personnes, dont le diplôme le plus élevé est le bac, dans la population non scolarisée",17.3
3,Allier,2020,15-26,"Part des personne, dont le diplôme le plus élevé est un CAP ou un BEP, dans la population non scolarisée",30.2
3,Allier,2020,15-26,Âge,15-26
4,Alpes-de-Haute-Provence,2020,15-26,Nombre de personne non scolarisé,129106
4,Alpes-de-Haute-Provence,2020,15-26,Part des diplômés d'un BAC+5 ou plus dans la population non scolarisée,7.9
4,Alpes-de-Haute-Provence,2020,15-26,Part des diplômés d'un BAC+3 ou BAC+4 dans la population non scolarisée,9.1
4,Alpes-de-Haute-Provence,2020,15-26,Part des diplômés d'un BAC+2 dans la population non scolarisée,11.3
4,Alpes-de-Haute-Provence,2020,15-26,"Part des personnes, dont le diplôme le plus élevé est le bac, dans la population non scolarisée",18.7
4,Alpes-de-Haute-Provence,2020,15-26,"Part des personne, dont le diplôme le plus élevé est un CAP ou un BEP, dans la population non scolarisée",27.2
4,Alpes-de-Haute-Provence,2020,15-26,Âge,15-26
5,Hautes-Alpes,2020,15-26,Nombre de personne non scolarisé,109699
5,Hautes-Alpes,2020,15-26,Part des diplômés d'un BAC+5 ou plus dans la population non scolarisée,8.2
5,Hautes-Alpes,2020,15-26,Part des diplômés d'un BAC+3 ou BAC+4 dans la population non scolarisée,10.5
5,Hautes-Alpes,2020,15-26,Part des diplômés d'un BAC+2 dans la population non scolarisée,12.7
5,Hautes-Alpes,2020,15-26,"Part des personnes, dont le diplôme le plus élevé est le bac, dans la population non scolarisée",19.8
5,Hautes-Alpes,2020,15-26,"Part des personne, dont le diplôme le plus élevé est un CAP ou un BEP, dans la population non scolarisée",26.1
5,Hautes-Alpes,2020,15-26,Âge,15-26
6,Alpes-Maritimes,2020,15-26,Nombre de personne non scolarisé,835761
6,Alpes-Maritimes,2020,15-26,Part des diplômés d'un BAC+5 ou plus dans la population non scolarisée,12.6
6,Alpes-Maritimes,2020,15-26,Part des diplômés d'un BAC+3 ou BAC+4 dans la population non scolarisée,10.3
6,Alpes-Maritimes,2020,15-26,Part des diplômés d'un BAC+2 dans la population non scolarisée,10.7
6,Alpes-Maritimes,2020,15-26,"Part des personnes, dont le diplôme le plus élevé est le bac, dans la population non scolarisée",18.2
6,Alpes-Maritimes,2020,15-26,"Part des personne, dont le diplôme le plus élevé est un CAP ou un BEP, dans la population non scolarisée",21.5
6,Alpes-Maritimes,2020,15-26,Âge,15-26
7,Ardèche,2020,15-26,Nombre de personne non scolarisé,255356
7,Ardèche,2020,15-26,Part des diplômés d'un BAC+5 ou plus dans la population non scolarisée,6.2
7,Ardèche,2020,15-26,Part des diplômés d'un BAC+3 ou BAC+4 dans la population non scolarisée,8.7
7,Ardèche,2020,15-26,Part des diplômés d'un BAC+2 dans la population non scolarisée,11.5
7,Ardèche,2020,15-26,"Part des personnes, dont le diplôme le plus élevé est le bac, dans la population non scolarisée",18
7,Ardèche,2020,15-26,"Part des personne, dont le diplôme le plus élevé est un CAP ou un BEP, dans la population non scolarisée",27.7
7,Ardèche,2020,15-26,Âge,15-26
8,Ardennes,2020,15-26,Nombre de personne non scolarisé,205443
8,Ardennes,2020,15-26,Part des diplômés d'un BAC+5 ou plus dans la population non scolarisée,4.2
8,Ardennes,2020,15-26,Part des diplômés d'un BAC+3 ou BAC+4 dans la population non scolarisée,6.6
8,Ardennes,2020,15-26,Part des diplômés d'un BAC+2 dans la population non scolarisée,9.6
8,Ardennes,2020,15-26,"Part des personnes, dont le diplôme le plus élevé est le bac, dans la population non scolarisée",16.5
8,Ardennes,2020,15-26,"Part des personne, dont le diplôme le plus élevé est un CAP ou un BEP, dans la population non scolarisée",29.3
8,Ardennes,2020,15-26,Âge,15-26
9,Ariège,2020,15-26,Nombre de personne non scolarisé,121305
9,Ariège,2020,15-26,Part des diplômés d'un BAC+5 ou plus dans la population non scolarisée,6.2
9,Ariège,2020,15-26,Part des diplômés d'un BAC+3 ou BAC+4 dans la population non scolarisée,8.5
9,Ariège,2020,15-26,Part des diplômés d'un BAC+2 dans la population non scolarisée,10.6
9,Ariège,2020,15-26,"Part des personnes, dont le diplôme le plus élevé est le bac, dans la population non scolarisée",19.7
9,Ariège,2020,15-26,"Part des personne, dont le diplôme le plus élevé est un CAP ou un BEP, dans la population non scolarisée",27.1
9,Ariège,2020,15-26,Âge,15-26
10,Aube,2020,15-26,Nombre de personne non scolarisé,230265
10,Aube,2020,15-26,Part des diplômés d'un BAC+5 ou plus dans la population non scolarisée,5.7
10,Aube,2020,15-26,Part des diplômés d'un BAC+3 ou BAC+4 dans la population non scolarisée,7
10,Aube,2020,15-26,Part des diplômés d'un BAC+2 dans la population non scolarisée,9.9
10,Aube,2020,15-26,"Part des personnes, dont le diplôme le plus élevé est le bac, dans la population non scolarisée",16.1
10,Aube,2020,15-26,"Part des personne, dont le diplôme le plus élevé est un CAP ou un BEP, dans la population non scolarisée",28.4
10,Aube,2020,15-26,Âge,15-26
11,Aude,2020,15-26,Nombre de personne non scolarisé,292412
11,Aude,2020,15-26,Part des diplômés d'un BAC+5 ou plus dans la population non scolarisée,6.4
11,Aude,2020,15-26,Part des diplômés d'un BAC+3 ou BAC+4 dans la population non scolarisée,8.5
11,Aude,2020,15-26,Part des diplômés d'un BAC+2 dans la population non scolarisée,10.3
11,Aude,2020,15-26,"Part des personnes, dont le diplôme le plus élevé est le bac, dans la population non scolarisée",19.8
11,Aude,2020,15-26,"Part des personne, dont le diplôme le plus élevé est un CAP ou un BEP, dans la population non scolarisée",26
11,Aude,2020,15-26,Âge,15-26
12,Aveyron,2020,15-26,Nombre de personne non scolarisé,219881
12,Aveyron,2020,15-26,Part des diplômés d'un BAC+5 ou plus dans la population non scolarisée,5.9
12,Aveyron,2020,15-26,Part des diplômés d'un BAC+3 ou BAC+4 dans la population non scolarisée,8.5
12,Aveyron,2020,15-26,Part des diplômés d'un BAC+2 dans la population non scolarisée,11.8
12,Aveyron,2020,15-26,"Part des personnes, dont le diplôme le plus élevé est le bac, dans la population non scolarisée",18.8
12,Aveyron,2020,15-26,"Part des personne, dont le diplôme le plus élevé est un CAP ou un BEP, dans la population non scolarisée",27
12,Aveyron,2020,15-26,Âge,15-26
13,Bouches-du-Rhône,2020,15-26,Nombre de personne non scolarisé,1499817
13,Bouches-du-Rhône,2020,15-26,Part des diplômés d'un BAC+5 ou plus dans la population non scolarisée,12.9
13,Bouches-du-Rhône,2020,15-26,Part des diplômés d'un BAC+3 ou BAC+4 dans la population non scolarisée,10
13,Bouches-du-Rhône,2020,15-26,Part des diplômés d'un BAC+2 dans la population non scolarisée,11.3
13,Bouches-du-Rhône,2020,15-26,"Part des personnes, dont le diplôme le plus élevé est le bac, dans la population non scolarisée",17.5
13,Bouches-du-Rhône,2020,15-26,"Part des personne, dont le diplôme le plus élevé est un CAP ou un BEP, dans la population non scolarisée",21.4
13,Bouches-du-Rhône,2020,15-26,Âge,15-26
14,Calvados,2020,15-26,Nombre de personne non scolarisé,512000
14,Calvados,2020,15-26,Part des diplômés d'un BAC+5 ou plus dans la population non scolarisée,8.6
14,Calvados,2020,15-26,Part des diplômés d'un BAC+3 ou BAC+4 dans la population non scolarisée,8.9
14,Calvados,2020,15-26,Part des diplômés d'un BAC+2 dans la population non scolarisée,10.7
14,Calvados,2020,15-26,"Part des personnes, dont le diplôme le plus élevé est le bac, dans la population non scolarisée",16.7
14,Calvados,2020,15-26,"Part des personne, dont le diplôme le plus élevé est un CAP ou un BEP, dans la population non scolarisée",27.2
14,Calvados,2020,15-26,Âge,15-26
15,Cantal,2020,15-26,Nombre de personne non scolarisé,116335
15,Cantal,2020,15-26,Part des diplômés d'un BAC+5 ou plus dans la population non scolarisée,4.7
15,Cantal,2020,15-26,Part des diplômés d'un BAC+3 ou BAC+4 dans la population non scolarisée,7
15,Cantal,2020,15-26,Part des diplômés d'un BAC+2 dans la population non scolarisée,9.7
15,Cantal,2020,15-26,"Part des personnes, dont le diplôme le plus élevé est le bac, dans la population non scolarisée",18.9
15,Cantal,2020,15-26,"Part des personne, dont le diplôme le plus élevé est un CAP ou un BEP, dans la population non scolarisée",28.2
15,Cantal,2020,15-26,Âge,15-26
16,Charente,2020,15-26,Nombre de personne non scolarisé,274810
16,Charente,2020,15-26,Part des diplômés d'un BAC+5 ou plus dans la population non scolarisée,6
16,Charente,2020,15-26,Part des diplômés d'un BAC+3 ou BAC+4 dans la population non scolarisée,7.6
16,Charente,2020,15-26,Part des diplômés d'un BAC+2 dans la population non scolarisée,9.9
16,Charente,2020,15-26,"Part des personnes, dont le diplôme le plus élevé est le bac, dans la population non scolarisée",18.1
16,Charente,2020,15-26,"Part des personne, dont le diplôme le plus élevé est un CAP ou un BEP, dans la population non scolarisée",30.1
16,Charente,2020,15-26,Âge,15-26
17,Charente-Maritime,2020,15-26,Nombre de personne non scolarisé,515498
17,Charente-Maritime,2020,15-26,Part des diplômés d'un BAC+5 ou plus dans la population non scolarisée,6.9
17,Charente-Maritime,2020,15-26,Part des diplômés d'un BAC+3 ou BAC+4 dans la population non scolarisée,8.1
17,Charente-Maritime,2020,15-26,Part des diplômés d'un BAC+2 dans la population non scolarisée,10.6
17,Charente-Maritime,2020,15-26,"Part des personnes, dont le diplôme le plus élevé est le bac, dans la population non scolarisée",18
17,Charente-Maritime,2020,15-26,"Part des personne, dont le diplôme le plus élevé est un CAP ou un BEP, dans la population non scolarisée",29.4
17,Charente-Maritime,2020,15-26,Âge,15-26
18,Cher,2020,15-26,Nombre de personne non scolarisé,234889
18,Cher,2020,15-26,Part des diplômés d'un BAC+5 ou plus dans la population non scolarisée,5.6
18,Cher,2020,15-26,Part des diplômés d'un BAC+3 ou BAC+4 dans la population non scolarisée,6.9
18,Cher,2020,15-26,Part des diplômés d'un BAC+2 dans la population non scolarisée,10.4
18,Cher,2020,15-26,"Part des personnes, dont le diplôme le plus élevé est le bac, dans la population non scolarisée",16.9
18,Cher,2020,15-26,"Part des personne, dont le diplôme le plus élevé est un CAP ou un BEP, dans la population non scolarisée",30.8
18,Cher,2020,15-26,Âge,15-26
19,Corrèze,2020,15-26,Nombre de personne non scolarisé,189147
19,Corrèze,2020,15-26,Part des diplômés d'un BAC+5 ou plus dans la population non scolarisée,5.8
19,Corrèze,2020,15-26,Part des diplômés d'un BAC+3 ou BAC+4 dans la population non scolarisée,8.1
19,Corrèze,2020,15-26,Part des diplômés d'un BAC+2 dans la population non scolarisée,10.7
19,Corrèze,2020,15-26,"Part des personnes, dont le diplôme le plus élevé est le bac, dans la population non scolarisée",19
19,Corrèze,2020,15-26,"Part des personne, dont le diplôme le plus élevé est un CAP ou un BEP, dans la population non scolarisée",28.6
19,Corrèze,2020,15-26,Âge,15-26
21,Côte-d'Or,2020,15-26,Nombre de personne non scolarisé,392155
21,Côte-d'Or,2020,15-26,Part des diplômés d'un BAC+5 ou plus dans la population non scolarisée,9.8
21,Côte-d'Or,2020,15-26,Part des diplômés d'un BAC+3 ou BAC+4 dans la population non scolarisée,9.4
21,Côte-d'Or,2020,15-26,Part des diplômés d'un BAC+2 dans la population non scolarisée,11.9
21,Côte-d'Or,2020,15-26,"Part des personnes, dont le diplôme le plus élevé est le bac, dans la population non scolarisée",17.6
21,Côte-d'Or,2020,15-26,"Part des personne, dont le diplôme le plus élevé est un CAP ou un BEP, dans la population non scolarisée",26.1
21,Côte-d'Or,2020,15-26,Âge,15-26
22,Côtes-d'Armor,2020,15-26,Nombre de personne non scolarisé,462554
22,Côtes-d'Armor,2020,15-26,Part des diplômés d'un BAC+5 ou plus dans la population non scolarisée,6.7
22,Côtes-d'Armor,2020,15-26,Part des diplômés d'un BAC+3 ou BAC+4 dans la population non scolarisée,8.7
22,Côtes-d'Armor,2020,15-26,Part des diplômés d'un BAC+2 dans la population non scolarisée,11.7
22,Côtes-d'Armor,2020,15-26,"Part des personnes, dont le diplôme le plus élevé est le bac, dans la population non scolarisée",18.8
22,Côtes-d'Armor,2020,15-26,"Part des personne, dont le diplôme le plus élevé est un CAP ou un BEP, dans la population non scolarisée",28.5
22,Côtes-d'Armor,2020,15-26,Âge,15-26
23,Creuse,2020,15-26,Nombre de personne non scolarisé,94516
23,Creuse,2020,15-26,Part des diplômés d'un BAC+5 ou plus dans la population non scolarisée,4.7
23,Creuse,2020,15-26,Part des diplômés d'un BAC+3 ou BAC+4 dans la population non scolarisée,6.9
23,Creuse,2020,15-26,Part des diplômés d'un BAC+2 dans la population non scolarisée,9.2
23,Creuse,2020,15-26,"Part des personnes, dont le diplôme le plus élevé est le bac, dans la population non scolarisée",17.7
23,Creuse,2020,15-26,"Part des personne, dont le diplôme le plus élevé est un CAP ou un BEP, dans la population non scolarisée",30.6
23,Creuse,2020,15-26,Âge,15-26
24,Dordogne,2020,15-26,Nombre de personne non scolarisé,331094
24,Dordogne,2020,15-26,Part des diplômés d'un BAC+5 ou plus dans la population non scolarisée,5.5
24,Dordogne,2020,15-26,Part des diplômés d'un BAC+3 ou BAC+4 dans la population non scolarisée,7.6
24,Dordogne,2020,15-26,Part des diplômés d'un BAC+2 dans la population non scolarisée,9.8
24,Dordogne,2020,15-26,"Part des personnes, dont le diplôme le plus élevé est le bac, dans la population non scolarisée",17.9
24,Dordogne,2020,15-26,"Part des personne, dont le diplôme le plus élevé est un CAP ou un BEP, dans la population non scolarisée",29
24,Dordogne,2020,15-26,Âge,15-26
25,Doubs,2020,15-26,Nombre de personne non scolarisé,394291
25,Doubs,2020,15-26,Part des diplômés d'un BAC+5 ou plus dans la population non scolarisée,8.1
25,Doubs,2020,15-26,Part des diplômés d'un BAC+3 ou BAC+4 dans la population non scolarisée,9.2
25,Doubs,2020,15-26,Part des diplômés d'un BAC+2 dans la population non scolarisée,11.9
25,Doubs,2020,15-26,"Part des personnes, dont le diplôme le plus élevé est le bac, dans la population non scolarisée",17.2
25,Doubs,2020,15-26,"Part des personne, dont le diplôme le plus élevé est un CAP ou un BEP, dans la population non scolarisée",26.9
25,Doubs,2020,15-26,Âge,15-26
26,Drôme,2020,15-26,Nombre de personne non scolarisé,388165
26,Drôme,2020,15-26,Part des diplômés d'un BAC+5 ou plus dans la population non scolarisée,8.2
26,Drôme,2020,15-26,Part des diplômés d'un BAC+3 ou BAC+4 dans la population non scolarisée,9.2
26,Drôme,2020,15-26,Part des diplômés d'un BAC+2 dans la population non scolarisée,12.3
26,Drôme,2020,15-26,"Part des personnes, dont le diplôme le plus élevé est le bac, dans la population non scolarisée",17.9
26,Drôme,2020,15-26,"Part des personne, dont le diplôme le plus élevé est un CAP ou un BEP, dans la population non scolarisée",25.6
26,Drôme,2020,15-26,Âge,15-26
27,Eure,2020,15-26,Nombre de personne non scolarisé,441847
27,Eure,2020,15-26,Part des diplômés d'un BAC+5 ou plus dans la population non scolarisée,6.1
27,Eure,2020,15-26,Part des diplômés d'un BAC+3 ou BAC+4 dans la population non scolarisée,6.9
27,Eure,2020,15-26,Part des diplômés d'un BAC+2 dans la population non scolarisée,10.7
27,Eure,2020,15-26,"Part des personnes, dont le diplôme le plus élevé est le bac, dans la population non scolarisée",17.5
27,Eure,2020,15-26,"Part des personne, dont le diplôme le plus élevé est un CAP ou un BEP, dans la population non scolarisée",28.8
27,Eure,2020,15-26,Âge,15-26
28,Eure-et-Loir,2020,15-26,Nombre de personne non scolarisé,319640
28,Eure-et-Loir,2020,15-26,Part des diplômés d'un BAC+5 ou plus dans la population non scolarisée,6.3
28,Eure-et-Loir,2020,15-26,Part des diplômés d'un BAC+3 ou BAC+4 dans la population non scolarisée,7.2
28,Eure-et-Loir,2020,15-26,Part des diplômés d'un BAC+2 dans la population non scolarisée,10.8
28,Eure-et-Loir,2020,15-26,"Part des personnes, dont le diplôme le plus élevé est le bac, dans la population non scolarisée",17.1
28,Eure-et-Loir,2020,15-26,"Part des personne, dont le diplôme le plus élevé est un CAP ou un BEP, dans la population non scolarisée",28.6
28,Eure-et-Loir,2020,15-26,Âge,15-26
29,Finistère,2020,15-26,Nombre de personne non scolarisé,690874
29,Finistère,2020,15-26,Part des diplômés d'un BAC+5 ou plus dans la population non scolarisée,8.5
29,Finistère,2020,15-26,Part des diplômés d'un BAC+3 ou BAC+4 dans la population non scolarisée,10.1
29,Finistère,2020,15-26,Part des diplômés d'un BAC+2 dans la population non scolarisée,12.9
29,Finistère,2020,15-26,"Part des personnes, dont le diplôme le plus élevé est le bac, dans la population non scolarisée",19.7
29,Finistère,2020,15-26,"Part des personne, dont le diplôme le plus élevé est un CAP ou un BEP, dans la population non scolarisée",27.1
29,Finistère,2020,15-26,Âge,15-26
201,Corse-du-Sud,2020,15-26,Nombre de personne non scolarisé,127043
201,Corse-du-Sud,2020,15-26,Part des diplômés d'un BAC+5 ou plus dans la population non scolarisée,7.4
201,Corse-du-Sud,2020,15-26,Part des diplômés d'un BAC+3 ou BAC+4 dans la population non scolarisée,9.6
201,Corse-du-Sud,2020,15-26,Part des diplômés d'un BAC+2 dans la population non scolarisée,10.1
201,Corse-du-Sud,2020,15-26,"Part des personnes, dont le diplôme le plus élevé est le bac, dans la population non scolarisée",23.7
201,Corse-du-Sud,2020,15-26,"Part des personne, dont le diplôme le plus élevé est un CAP ou un BEP, dans la population non scolarisée",21.2
201,Corse-du-Sud,2020,15-26,Âge,15-26
202,Haute-Corse,2020,15-26,Nombre de personne non scolarisé,142404
202,Haute-Corse,2020,15-26,Part des diplômés d'un BAC+5 ou plus dans la population non scolarisée,8.1
202,Haute-Corse,2020,15-26,Part des diplômés d'un BAC+3 ou BAC+4 dans la population non scolarisée,9.1
202,Haute-Corse,2020,15-26,Part des diplômés d'un BAC+2 dans la population non scolarisée,9.2
202,Haute-Corse,2020,15-26,"Part des personnes, dont le diplôme le plus élevé est le bac, dans la population non scolarisée",21.7
202,Haute-Corse,2020,15-26,"Part des personne, dont le diplôme le plus élevé est un CAP ou un BEP, dans la population non scolarisée",20.6
202,Haute-Corse,2020,15-26,Âge,15-26
30,Gard,2020,15-26,Nombre de personne non scolarisé,566069
30,Gard,2020,15-26,Part des diplômés d'un BAC+5 ou plus dans la population non scolarisée,7.7
30,Gard,2020,15-26,Part des diplômés d'un BAC+3 ou BAC+4 dans la population non scolarisée,9.1
30,Gard,2020,15-26,Part des diplômés d'un BAC+2 dans la population non scolarisée,11.3
30,Gard,2020,15-26,"Part des personnes, dont le diplôme le plus élevé est le bac, dans la population non scolarisée",18.2
30,Gard,2020,15-26,"Part des personne, dont le diplôme le plus élevé est un CAP ou un BEP, dans la population non scolarisée",25
30,Gard,2020,15-26,Âge,15-26
31,Haute-Garonne,2020,15-26,Nombre de personne non scolarisé,1001260
31,Haute-Garonne,2020,15-26,Part des diplômés d'un BAC+5 ou plus dans la population non scolarisée,18.1
31,Haute-Garonne,2020,15-26,Part des diplômés d'un BAC+3 ou BAC+4 dans la population non scolarisée,12.1
31,Haute-Garonne,2020,15-26,Part des diplômés d'un BAC+2 dans la population non scolarisée,13.4
31,Haute-Garonne,2020,15-26,"Part des personnes, dont le diplôme le plus élevé est le bac, dans la population non scolarisée",17.5
31,Haute-Garonne,2020,15-26,"Part des personne, dont le diplôme le plus élevé est un CAP ou un BEP, dans la population non scolarisée",19.7
31,Haute-Garonne,2020,15-26,Âge,15-26
32,Gers,2020,15-26,Nombre de personne non scolarisé,151944
32,Gers,2020,15-26,Part des diplômés d'un BAC+5 ou plus dans la population non scolarisée,6.9
32,Gers,2020,15-26,Part des diplômés d'un BAC+3 ou BAC+4 dans la population non scolarisée,8.8
32,Gers,2020,15-26,Part des diplômés d'un BAC+2 dans la population non scolarisée,11.1
32,Gers,2020,15-26,"Part des personnes, dont le diplôme le plus élevé est le bac, dans la population non scolarisée",18.6
32,Gers,2020,15-26,"Part des personne, dont le diplôme le plus élevé est un CAP ou un BEP, dans la population non scolarisée",26.3
32,Gers,2020,15-26,Âge,15-26
33,Gironde,2020,15-26,Nombre de personne non scolarisé,1193097
33,Gironde,2020,15-26,Part des diplômés d'un BAC+5 ou plus dans la population non scolarisée,12.6
33,Gironde,2020,15-26,Part des diplômés d'un BAC+3 ou BAC+4 dans la population non scolarisée,10.5
33,Gironde,2020,15-26,Part des diplômés d'un BAC+2 dans la population non scolarisée,12.4
33,Gironde,2020,15-26,"Part des personnes, dont le diplôme le plus élevé est le bac, dans la population non scolarisée",17.8
33,Gironde,2020,15-26,"Part des personne, dont le diplôme le plus élevé est un CAP ou un BEP, dans la population non scolarisée",24.4
33,Gironde,2020,15-26,Âge,15-26
34,Hérault,2020,15-26,Nombre de personne non scolarisé,865414
34,Hérault,2020,15-26,Part des diplômés d'un BAC+5 ou plus dans la population non scolarisée,12.3
34,Hérault,2020,15-26,Part des diplômés d'un BAC+3 ou BAC+4 dans la population non scolarisée,10.8
34,Hérault,2020,15-26,Part des diplômés d'un BAC+2 dans la population non scolarisée,11.3
34,Hérault,2020,15-26,"Part des personnes, dont le diplôme le plus élevé est le bac, dans la population non scolarisée",18.5
34,Hérault,2020,15-26,"Part des personne, dont le diplôme le plus élevé est un CAP ou un BEP, dans la population non scolarisée",21.7
34,Hérault,2020,15-26,Âge,15-26
35,Ille-et-Vilaine,2020,15-26,Nombre de personne non scolarisé,768991
35,Ille-et-Vilaine,2020,15-26,Part des diplômés d'un BAC+5 ou plus dans la population non scolarisée,12
35,Ille-et-Vilaine,2020,15-26,Part des diplômés d'un BAC+3 ou BAC+4 dans la population non scolarisée,10.8
35,Ille-et-Vilaine,2020,15-26,Part des diplômés d'un BAC+2 dans la population non scolarisée,12.7
35,Ille-et-Vilaine,2020,15-26,"Part des personnes, dont le diplôme le plus élevé est le bac, dans la population non scolarisée",17.9
35,Ille-et-Vilaine,2020,15-26,"Part des personne, dont le diplôme le plus élevé est un CAP ou un BEP, dans la population non scolarisée",24.3
35,Ille-et-Vilaine,2020,15-26,Âge,15-26
36,Indre,2020,15-26,Nombre de personne non scolarisé,173819
36,Indre,2020,15-26,Part des diplômés d'un BAC+5 ou plus dans la population non scolarisée,4.4
36,Indre,2020,15-26,Part des diplômés d'un BAC+3 ou BAC+4 dans la population non scolarisée,6.2
36,Indre,2020,15-26,Part des diplômés d'un BAC+2 dans la population non scolarisée,8.7
36,Indre,2020,15-26,"Part des personnes, dont le diplôme le plus élevé est le bac, dans la population non scolarisée",16.2
36,Indre,2020,15-26,"Part des personne, dont le diplôme le plus élevé est un CAP ou un BEP, dans la population non scolarisée",31.6
36,Indre,2020,15-26,Âge,15-26
37,Indre-et-Loire,2020,15-26,Nombre de personne non scolarisé,448613
37,Indre-et-Loire,2020,15-26,Part des diplômés d'un BAC+5 ou plus dans la population non scolarisée,9.5
37,Indre-et-Loire,2020,15-26,Part des diplômés d'un BAC+3 ou BAC+4 dans la population non scolarisée,9.5
37,Indre-et-Loire,2020,15-26,Part des diplômés d'un BAC+2 dans la population non scolarisée,12
37,Indre-et-Loire,2020,15-26,"Part des personnes, dont le diplôme le plus élevé est le bac, dans la population non scolarisée",17.6
37,Indre-et-Loire,2020,15-26,"Part des personne, dont le diplôme le plus élevé est un CAP ou un BEP, dans la population non scolarisée",26.5
37,Indre-et-Loire,2020,15-26,Âge,15-26
38,Isère,2020,15-26,Nombre de personne non scolarisé,913794
38,Isère,2020,15-26,Part des diplômés d'un BAC+5 ou plus dans la population non scolarisée,12.8
38,Isère,2020,15-26,Part des diplômés d'un BAC+3 ou BAC+4 dans la population non scolarisée,9.9
38,Isère,2020,15-26,Part des diplômés d'un BAC+2 dans la population non scolarisée,12.6
38,Isère,2020,15-26,"Part des personnes, dont le diplôme le plus élevé est le bac, dans la population non scolarisée",17
38,Isère,2020,15-26,"Part des personne, dont le diplôme le plus élevé est un CAP ou un BEP, dans la population non scolarisée",23.8
38,Isère,2020,15-26,Âge,15-26
39,Jura,2020,15-26,Nombre de personne non scolarisé,198318
39,Jura,2020,15-26,Part des diplômés d'un BAC+5 ou plus dans la population non scolarisée,5.5
39,Jura,2020,15-26,Part des diplômés d'un BAC+3 ou BAC+4 dans la population non scolarisée,8
39,Jura,2020,15-26,Part des diplômés d'un BAC+2 dans la population non scolarisée,11.3
39,Jura,2020,15-26,"Part des personnes, dont le diplôme le plus élevé est le bac, dans la population non scolarisée",17.7
39,Jura,2020,15-26,"Part des personne, dont le diplôme le plus élevé est un CAP ou un BEP, dans la population non scolarisée",29.9
39,Jura,2020,15-26,Âge,15-26
40,Landes,2020,15-26,Nombre de personne non scolarisé,328236
40,Landes,2020,15-26,Part des diplômés d'un BAC+5 ou plus dans la population non scolarisée,6.1
40,Landes,2020,15-26,Part des diplômés d'un BAC+3 ou BAC+4 dans la population non scolarisée,8
40,Landes,2020,15-26,Part des diplômés d'un BAC+2 dans la population non scolarisée,11.8
40,Landes,2020,15-26,"Part des personnes, dont le diplôme le plus élevé est le bac, dans la population non scolarisée",19
40,Landes,2020,15-26,"Part des personne, dont le diplôme le plus élevé est un CAP ou un BEP, dans la population non scolarisée",30.2
40,Landes,2020,15-26,Âge,15-26
41,Loir-et-Cher,2020,15-26,Nombre de personne non scolarisé,252704
41,Loir-et-Cher,2020,15-26,Part des diplômés d'un BAC+5 ou plus dans la population non scolarisée,5.9
41,Loir-et-Cher,2020,15-26,Part des diplômés d'un BAC+3 ou BAC+4 dans la population non scolarisée,7.1
41,Loir-et-Cher,2020,15-26,Part des diplômés d'un BAC+2 dans la population non scolarisée,10.1
41,Loir-et-Cher,2020,15-26,"Part des personnes, dont le diplôme le plus élevé est le bac, dans la population non scolarisée",16.1
41,Loir-et-Cher,2020,15-26,"Part des personne, dont le diplôme le plus élevé est un CAP ou un BEP, dans la population non scolarisée",30.2
41,Loir-et-Cher,2020,15-26,Âge,15-26
42,Loire,2020,15-26,Nombre de personne non scolarisé,563931
42,Loire,2020,15-26,Part des diplômés d'un BAC+5 ou plus dans la population non scolarisée,6.8
42,Loire,2020,15-26,Part des diplômés d'un BAC+3 ou BAC+4 dans la population non scolarisée,8.2
42,Loire,2020,15-26,Part des diplômés d'un BAC+2 dans la population non scolarisée,10.8
42,Loire,2020,15-26,"Part des personnes, dont le diplôme le plus élevé est le bac, dans la population non scolarisée",17.4
42,Loire,2020,15-26,"Part des personne, dont le diplôme le plus élevé est un CAP ou un BEP, dans la population non scolarisée",28.3
42,Loire,2020,15-26,Âge,15-26
43,Haute-Loire,2020,15-26,Nombre de personne non scolarisé,174591
43,Haute-Loire,2020,15-26,Part des diplômés d'un BAC+5 ou plus dans la population non scolarisée,5.2
43,Haute-Loire,2020,15-26,Part des diplômés d'un BAC+3 ou BAC+4 dans la population non scolarisée,7.9
43,Haute-Loire,2020,15-26,Part des diplômés d'un BAC+2 dans la population non scolarisée,11.5
43,Haute-Loire,2020,15-26,"Part des personnes, dont le diplôme le plus élevé est le bac, dans la population non scolarisée",19
43,Haute-Loire,2020,15-26,"Part des personne, dont le diplôme le plus élevé est un CAP ou un BEP, dans la population non scolarisée",28.8
43,Haute-Loire,2020,15-26,Âge,15-26
44,Loire-Atlantique,2020,15-26,Nombre de personne non scolarisé,1036028
44,Loire-Atlantique,2020,15-26,Part des diplômés d'un BAC+5 ou plus dans la population non scolarisée,12.2
44,Loire-Atlantique,2020,15-26,Part des diplômés d'un BAC+3 ou BAC+4 dans la population non scolarisée,10.8
44,Loire-Atlantique,2020,15-26,Part des diplômés d'un BAC+2 dans la population non scolarisée,13.2
44,Loire-Atlantique,2020,15-26,"Part des personnes, dont le diplôme le plus élevé est le bac, dans la population non scolarisée",17.6
44,Loire-Atlantique,2020,15-26,"Part des personne, dont le diplôme le plus élevé est un CAP ou un BEP, dans la population non scolarisée",26.2
44,Loire-Atlantique,2020,15-26,Âge,15-26
45,Loiret,2020,15-26,Nombre de personne non scolarisé,497674
45,Loiret,2020,15-26,Part des diplômés d'un BAC+5 ou plus dans la population non scolarisée,8.5
45,Loiret,2020,15-26,Part des diplômés d'un BAC+3 ou BAC+4 dans la population non scolarisée,8.4
45,Loiret,2020,15-26,Part des diplômés d'un BAC+2 dans la population non scolarisée,11.5
45,Loiret,2020,15-26,"Part des personnes, dont le diplôme le plus élevé est le bac, dans la population non scolarisée",16.8
45,Loiret,2020,15-26,"Part des personne, dont le diplôme le plus élevé est un CAP ou un BEP, dans la population non scolarisée",26.9
45,Loiret,2020,15-26,Âge,15-26
46,Lot,2020,15-26,Nombre de personne non scolarisé,140856
46,Lot,2020,15-26,Part des diplômés d'un BAC+5 ou plus dans la population non scolarisée,7
46,Lot,2020,15-26,Part des diplômés d'un BAC+3 ou BAC+4 dans la population non scolarisée,8.9
46,Lot,2020,15-26,Part des diplômés d'un BAC+2 dans la population non scolarisée,11.2
46,Lot,2020,15-26,"Part des personnes, dont le diplôme le plus élevé est le bac, dans la population non scolarisée",19.1
46,Lot,2020,15-26,"Part des personne, dont le diplôme le plus élevé est un CAP ou un BEP, dans la population non scolarisée",26.6
46,Lot,2020,15-26,Âge,15-26
47,Lot-et-Garonne,2020,15-26,Nombre de personne non scolarisé,257261
47,Lot-et-Garonne,2020,15-26,Part des diplômés d'un BAC+5 ou plus dans la population non scolarisée,5.5
47,Lot-et-Garonne,2020,15-26,Part des diplômés d'un BAC+3 ou BAC+4 dans la population non scolarisée,7.4
47,Lot-et-Garonne,2020,15-26,Part des diplômés d'un BAC+2 dans la population non scolarisée,10.1
47,Lot-et-Garonne,2020,15-26,"Part des personnes, dont le diplôme le plus élevé est le bac, dans la population non scolarisée",17.6
47,Lot-et-Garonne,2020,15-26,"Part des personne, dont le diplôme le plus élevé est un CAP ou un BEP, dans la population non scolarisée",28
47,Lot-et-Garonne,2020,15-26,Âge,15-26
48,Lozère,2020,15-26,Nombre de personne non scolarisé,59527
48,Lozère,2020,15-26,Part des diplômés d'un BAC+5 ou plus dans la population non scolarisée,6.1
48,Lozère,2020,15-26,Part des diplômés d'un BAC+3 ou BAC+4 dans la population non scolarisée,8.9
48,Lozère,2020,15-26,Part des diplômés d'un BAC+2 dans la population non scolarisée,12.2
48,Lozère,2020,15-26,"Part des personnes, dont le diplôme le plus élevé est le bac, dans la population non scolarisée",19.9
48,Lozère,2020,15-26,"Part des personne, dont le diplôme le plus élevé est un CAP ou un BEP, dans la population non scolarisée",25.6
48,Lozère,2020,15-26,Âge,15-26
49,Maine-et-Loire,2020,15-26,Nombre de personne non scolarisé,589012
49,Maine-et-Loire,2020,15-26,Part des diplômés d'un BAC+5 ou plus dans la population non scolarisée,7.8
49,Maine-et-Loire,2020,15-26,Part des diplômés d'un BAC+3 ou BAC+4 dans la population non scolarisée,8.7
49,Maine-et-Loire,2020,15-26,Part des diplômés d'un BAC+2 dans la population non scolarisée,11.6
49,Maine-et-Loire,2020,15-26,"Part des personnes, dont le diplôme le plus élevé est le bac, dans la population non scolarisée",17.4
49,Maine-et-Loire,2020,15-26,"Part des personne, dont le diplôme le plus élevé est un CAP ou un BEP, dans la population non scolarisée",27.2
49,Maine-et-Loire,2020,15-26,Âge,15-26
50,Manche,2020,15-26,Nombre de personne non scolarisé,383373
50,Manche,2020,15-26,Part des diplômés d'un BAC+5 ou plus dans la population non scolarisée,5.5
50,Manche,2020,15-26,Part des diplômés d'un BAC+3 ou BAC+4 dans la population non scolarisée,7.2
50,Manche,2020,15-26,Part des diplômés d'un BAC+2 dans la population non scolarisée,10
50,Manche,2020,15-26,"Part des personnes, dont le diplôme le plus élevé est le bac, dans la population non scolarisée",17.1
50,Manche,2020,15-26,"Part des personne, dont le diplôme le plus élevé est un CAP ou un BEP, dans la population non scolarisée",30.2
50,Manche,2020,15-26,Âge,15-26
51,Marne,2020,15-26,Nombre de personne non scolarisé,410781
51,Marne,2020,15-26,Part des diplômés d'un BAC+5 ou plus dans la population non scolarisée,8.2
51,Marne,2020,15-26,Part des diplômés d'un BAC+3 ou BAC+4 dans la population non scolarisée,8.3
51,Marne,2020,15-26,Part des diplômés d'un BAC+2 dans la population non scolarisée,11.1
51,Marne,2020,15-26,"Part des personnes, dont le diplôme le plus élevé est le bac, dans la population non scolarisée",17
51,Marne,2020,15-26,"Part des personne, dont le diplôme le plus élevé est un CAP ou un BEP, dans la population non scolarisée",26.6
51,Marne,2020,15-26,Âge,15-26
52,Haute-Marne,2020,15-26,Nombre de personne non scolarisé,135167
52,Haute-Marne,2020,15-26,Part des diplômés d'un BAC+5 ou plus dans la population non scolarisée,3.9
52,Haute-Marne,2020,15-26,Part des diplômés d'un BAC+3 ou BAC+4 dans la population non scolarisée,5.7
52,Haute-Marne,2020,15-26,Part des diplômés d'un BAC+2 dans la population non scolarisée,9
52,Haute-Marne,2020,15-26,"Part des personnes, dont le diplôme le plus élevé est le bac, dans la population non scolarisée",17.1
52,Haute-Marne,2020,15-26,"Part des personne, dont le diplôme le plus élevé est un CAP ou un BEP, dans la population non scolarisée",30.8
52,Haute-Marne,2020,15-26,Âge,15-26
53,Mayenne,2020,15-26,Nombre de personne non scolarisé,227313
53,Mayenne,2020,15-26,Part des diplômés d'un BAC+5 ou plus dans la population non scolarisée,5.2
53,Mayenne,2020,15-26,Part des diplômés d'un BAC+3 ou BAC+4 dans la population non scolarisée,7.2
53,Mayenne,2020,15-26,Part des diplômés d'un BAC+2 dans la population non scolarisée,10.4
53,Mayenne,2020,15-26,"Part des personnes, dont le diplôme le plus élevé est le bac, dans la population non scolarisée",17.1
53,Mayenne,2020,15-26,"Part des personne, dont le diplôme le plus élevé est un CAP ou un BEP, dans la population non scolarisée",29.2
53,Mayenne,2020,15-26,Âge,15-26
54,Meurthe-et-Moselle,2020,15-26,Nombre de personne non scolarisé,528971
54,Meurthe-et-Moselle,2020,15-26,Part des diplômés d'un BAC+5 ou plus dans la population non scolarisée,8.7
54,Meurthe-et-Moselle,2020,15-26,Part des diplômés d'un BAC+3 ou BAC+4 dans la population non scolarisée,9.1
54,Meurthe-et-Moselle,2020,15-26,Part des diplômés d'un BAC+2 dans la population non scolarisée,11.4
54,Meurthe-et-Moselle,2020,15-26,"Part des personnes, dont le diplôme le plus élevé est le bac, dans la population non scolarisée",17.4
54,Meurthe-et-Moselle,2020,15-26,"Part des personne, dont le diplôme le plus élevé est un CAP ou un BEP, dans la population non scolarisée",27.5
54,Meurthe-et-Moselle,2020,15-26,Âge,15-26
55,Meuse,2020,15-26,Nombre de personne non scolarisé,141044
55,Meuse,2020,15-26,Part des diplômés d'un BAC+5 ou plus dans la population non scolarisée,4.1
55,Meuse,2020,15-26,Part des diplômés d'un BAC+3 ou BAC+4 dans la population non scolarisée,6.2
55,Meuse,2020,15-26,Part des diplômés d'un BAC+2 dans la population non scolarisée,10
55,Meuse,2020,15-26,"Part des personnes, dont le diplôme le plus élevé est le bac, dans la population non scolarisée",17.9
55,Meuse,2020,15-26,"Part des personne, dont le diplôme le plus élevé est un CAP ou un BEP, dans la population non scolarisée",31.4
55,Meuse,2020,15-26,Âge,15-26
56,Morbihan,2020,15-26,Nombre de personne non scolarisé,583578
56,Morbihan,2020,15-26,Part des diplômés d'un BAC+5 ou plus dans la population non scolarisée,7.3
56,Morbihan,2020,15-26,Part des diplômés d'un BAC+3 ou BAC+4 dans la population non scolarisée,9.2
56,Morbihan,2020,15-26,Part des diplômés d'un BAC+2 dans la population non scolarisée,12.1
56,Morbihan,2020,15-26,"Part des personnes, dont le diplôme le plus élevé est le bac, dans la population non scolarisée",19
56,Morbihan,2020,15-26,"Part des personne, dont le diplôme le plus élevé est un CAP ou un BEP, dans la population non scolarisée",28.4
56,Morbihan,2020,15-26,Âge,15-26
57,Moselle,2020,15-26,Nombre de personne non scolarisé,794431
57,Moselle,2020,15-26,Part des diplômés d'un BAC+5 ou plus dans la population non scolarisée,7.5
57,Moselle,2020,15-26,Part des diplômés d'un BAC+3 ou BAC+4 dans la population non scolarisée,8.5
57,Moselle,2020,15-26,Part des diplômés d'un BAC+2 dans la population non scolarisée,10.8
57,Moselle,2020,15-26,"Part des personnes, dont le diplôme le plus élevé est le bac, dans la population non scolarisée",17.1
57,Moselle,2020,15-26,"Part des personne, dont le diplôme le plus élevé est un CAP ou un BEP, dans la population non scolarisée",29.3
57,Moselle,2020,15-26,Âge,15-26
58,Nièvre,2020,15-26,Nombre de personne non scolarisé,162116
58,Nièvre,2020,15-26,Part des diplômés d'un BAC+5 ou plus dans la population non scolarisée,4.8
58,Nièvre,2020,15-26,Part des diplômés d'un BAC+3 ou BAC+4 dans la population non scolarisée,6.2
58,Nièvre,2020,15-26,Part des diplômés d'un BAC+2 dans la population non scolarisée,8.9
58,Nièvre,2020,15-26,"Part des personnes, dont le diplôme le plus élevé est le bac, dans la population non scolarisée",17.2
58,Nièvre,2020,15-26,"Part des personne, dont le diplôme le plus élevé est un CAP ou un BEP, dans la population non scolarisée",31.2
58,Nièvre,2020,15-26,Âge,15-26
59,Nord,2020,15-26,Nombre de personne non scolarisé,1838437
59,Nord,2020,15-26,Part des diplômés d'un BAC+5 ou plus dans la population non scolarisée,9.7
59,Nord,2020,15-26,Part des diplômés d'un BAC+3 ou BAC+4 dans la population non scolarisée,9
59,Nord,2020,15-26,Part des diplômés d'un BAC+2 dans la population non scolarisée,10.7
59,Nord,2020,15-26,"Part des personnes, dont le diplôme le plus élevé est le bac, dans la population non scolarisée",17.1
59,Nord,2020,15-26,"Part des personne, dont le diplôme le plus élevé est un CAP ou un BEP, dans la population non scolarisée",24.1
59,Nord,2020,15-26,Âge,15-26
60,Oise,2020,15-26,Nombre de personne non scolarisé,599457
60,Oise,2020,15-26,Part des diplômés d'un BAC+5 ou plus dans la population non scolarisée,7.4
60,Oise,2020,15-26,Part des diplômés d'un BAC+3 ou BAC+4 dans la population non scolarisée,8
60,Oise,2020,15-26,Part des diplômés d'un BAC+2 dans la population non scolarisée,11.2
60,Oise,2020,15-26,"Part des personnes, dont le diplôme le plus élevé est le bac, dans la population non scolarisée",17.5
60,Oise,2020,15-26,"Part des personne, dont le diplôme le plus élevé est un CAP ou un BEP, dans la population non scolarisée",26.4
60,Oise,2020,15-26,Âge,15-26
61,Orne,2020,15-26,Nombre de personne non scolarisé,215366
61,Orne,2020,15-26,Part des diplômés d'un BAC+5 ou plus dans la population non scolarisée,4.6
61,Orne,2020,15-26,Part des diplômés d'un BAC+3 ou BAC+4 dans la population non scolarisée,6
61,Orne,2020,15-26,Part des diplômés d'un BAC+2 dans la population non scolarisée,8.7
61,Orne,2020,15-26,"Part des personnes, dont le diplôme le plus élevé est le bac, dans la population non scolarisée",15.9
61,Orne,2020,15-26,"Part des personne, dont le diplôme le plus élevé est un CAP ou un BEP, dans la population non scolarisée",30.8
61,Orne,2020,15-26,Âge,15-26
62,Pas-de-Calais,2020,15-26,Nombre de personne non scolarisé,1072759
62,Pas-de-Calais,2020,15-26,Part des diplômés d'un BAC+5 ou plus dans la population non scolarisée,4.8
62,Pas-de-Calais,2020,15-26,Part des diplômés d'un BAC+3 ou BAC+4 dans la population non scolarisée,7
62,Pas-de-Calais,2020,15-26,Part des diplômés d'un BAC+2 dans la population non scolarisée,10.5
62,Pas-de-Calais,2020,15-26,"Part des personnes, dont le diplôme le plus élevé est le bac, dans la population non scolarisée",18.2
62,Pas-de-Calais,2020,15-26,"Part des personne, dont le diplôme le plus élevé est un CAP ou un BEP, dans la population non scolarisée",27.9
62,Pas-de-Calais,2020,15-26,Âge,15-26
63,Puy-de-Dôme,2020,15-26,Nombre de personne non scolarisé,489827
63,Puy-de-Dôme,2020,15-26,Part des diplômés d'un BAC+5 ou plus dans la population non scolarisée,9.9
63,Puy-de-Dôme,2020,15-26,Part des diplômés d'un BAC+3 ou BAC+4 dans la population non scolarisée,9.5
63,Puy-de-Dôme,2020,15-26,Part des diplômés d'un BAC+2 dans la population non scolarisée,11.5
63,Puy-de-Dôme,2020,15-26,"Part des personnes, dont le diplôme le plus élevé est le bac, dans la population non scolarisée",17.8
63,Puy-de-Dôme,2020,15-26,"Part des personne, dont le diplôme le plus élevé est un CAP ou un BEP, dans la population non scolarisée",26.3
63,Puy-de-Dôme,2020,15-26,Âge,15-26
64,Pyrénées-Atlantiques,2020,15-26,Nombre de personne non scolarisé,528549
64,Pyrénées-Atlantiques,2020,15-26,Part des diplômés d'un BAC+5 ou plus dans la population non scolarisée,10.3
64,Pyrénées-Atlantiques,2020,15-26,Part des diplômés d'un BAC+3 ou BAC+4 dans la population non scolarisée,10.2
64,Pyrénées-Atlantiques,2020,15-26,Part des diplômés d'un BAC+2 dans la population non scolarisée,12.5
64,Pyrénées-Atlantiques,2020,15-26,"Part des personnes, dont le diplôme le plus élevé est le bac, dans la population non scolarisée",18.4
64,Pyrénées-Atlantiques,2020,15-26,"Part des personne, dont le diplôme le plus élevé est un CAP ou un BEP, dans la population non scolarisée",26.9
64,Pyrénées-Atlantiques,2020,15-26,Âge,15-26
65,Hautes-Pyrénées,2020,15-26,Nombre de personne non scolarisé,180471
65,Hautes-Pyrénées,2020,15-26,Part des diplômés d'un BAC+5 ou plus dans la population non scolarisée,6.5
65,Hautes-Pyrénées,2020,15-26,Part des diplômés d'un BAC+3 ou BAC+4 dans la population non scolarisée,8.5
65,Hautes-Pyrénées,2020,15-26,Part des diplômés d'un BAC+2 dans la population non scolarisée,11
65,Hautes-Pyrénées,2020,15-26,"Part des personnes, dont le diplôme le plus élevé est le bac, dans la population non scolarisée",18.5
65,Hautes-Pyrénées,2020,15-26,"Part des personne, dont le diplôme le plus élevé est un CAP ou un BEP, dans la population non scolarisée",29.6
65,Hautes-Pyrénées,2020,15-26,Âge,15-26
66,Pyrénées-Orientales,2020,15-26,Nombre de personne non scolarisé,370919
66,Pyrénées-Orientales,2020,15-26,Part des diplômés d'un BAC+5 ou plus dans la population non scolarisée,7.2
66,Pyrénées-Orientales,2020,15-26,Part des diplômés d'un BAC+3 ou BAC+4 dans la population non scolarisée,9.1
66,Pyrénées-Orientales,2020,15-26,Part des diplômés d'un BAC+2 dans la population non scolarisée,9.9
66,Pyrénées-Orientales,2020,15-26,"Part des personnes, dont le diplôme le plus élevé est le bac, dans la population non scolarisée",18.8
66,Pyrénées-Orientales,2020,15-26,"Part des personne, dont le diplôme le plus élevé est un CAP ou un BEP, dans la population non scolarisée",25.8
66,Pyrénées-Orientales,2020,15-26,Âge,15-26
67,Bas-Rhin,2020,15-26,Nombre de personne non scolarisé,840372
67,Bas-Rhin,2020,15-26,Part des diplômés d'un BAC+5 ou plus dans la population non scolarisée,11.3
67,Bas-Rhin,2020,15-26,Part des diplômés d'un BAC+3 ou BAC+4 dans la population non scolarisée,9.5
67,Bas-Rhin,2020,15-26,Part des diplômés d'un BAC+2 dans la population non scolarisée,11.8
67,Bas-Rhin,2020,15-26,"Part des personnes, dont le diplôme le plus élevé est le bac, dans la population non scolarisée",16.5
67,Bas-Rhin,2020,15-26,"Part des personne, dont le diplôme le plus élevé est un CAP ou un BEP, dans la population non scolarisée",28.2
67,Bas-Rhin,2020,15-26,Âge,15-26
68,Haut-Rhin,2020,15-26,Nombre de personne non scolarisé,578539
68,Haut-Rhin,2020,15-26,Part des diplômés d'un BAC+5 ou plus dans la population non scolarisée,7.9
68,Haut-Rhin,2020,15-26,Part des diplômés d'un BAC+3 ou BAC+4 dans la population non scolarisée,8.3
68,Haut-Rhin,2020,15-26,Part des diplômés d'un BAC+2 dans la population non scolarisée,11.6
68,Haut-Rhin,2020,15-26,"Part des personnes, dont le diplôme le plus élevé est le bac, dans la population non scolarisée",16.7
68,Haut-Rhin,2020,15-26,"Part des personne, dont le diplôme le plus élevé est un CAP ou un BEP, dans la population non scolarisée",30.5
68,Haut-Rhin,2020,15-26,Âge,15-26
69,Rhône,2020,15-26,Nombre de personne non scolarisé,1307614
69,Rhône,2020,15-26,Part des diplômés d'un BAC+5 ou plus dans la population non scolarisée,17.6
69,Rhône,2020,15-26,Part des diplômés d'un BAC+3 ou BAC+4 dans la population non scolarisée,11.7
69,Rhône,2020,15-26,Part des diplômés d'un BAC+2 dans la population non scolarisée,12.2
69,Rhône,2020,15-26,"Part des personnes, dont le diplôme le plus élevé est le bac, dans la population non scolarisée",16.2
69,Rhône,2020,15-26,"Part des personne, dont le diplôme le plus élevé est un CAP ou un BEP, dans la population non scolarisée",19.4
69,Rhône,2020,15-26,Âge,15-26
70,Haute-Saône,2020,15-26,Nombre de personne non scolarisé,179825
70,Haute-Saône,2020,15-26,Part des diplômés d'un BAC+5 ou plus dans la population non scolarisée,4.7
70,Haute-Saône,2020,15-26,Part des diplômés d'un BAC+3 ou BAC+4 dans la population non scolarisée,6.8
70,Haute-Saône,2020,15-26,Part des diplômés d'un BAC+2 dans la population non scolarisée,10.5
70,Haute-Saône,2020,15-26,"Part des personnes, dont le diplôme le plus élevé est le bac, dans la population non scolarisée",16.8
70,Haute-Saône,2020,15-26,"Part des personne, dont le diplôme le plus élevé est un CAP ou un BEP, dans la population non scolarisée",30.5
70,Haute-Saône,2020,15-26,Âge,15-26
71,Saône-et-Loire,2020,15-26,Nombre de personne non scolarisé,428091
71,Saône-et-Loire,2020,15-26,Part des diplômés d'un BAC+5 ou plus dans la population non scolarisée,5.7
71,Saône-et-Loire,2020,15-26,Part des diplômés d'un BAC+3 ou BAC+4 dans la population non scolarisée,6.9
71,Saône-et-Loire,2020,15-26,Part des diplômés d'un BAC+2 dans la population non scolarisée,9.9
71,Saône-et-Loire,2020,15-26,"Part des personnes, dont le diplôme le plus élevé est le bac, dans la population non scolarisée",16.8
71,Saône-et-Loire,2020,15-26,"Part des personne, dont le diplôme le plus élevé est un CAP ou un BEP, dans la population non scolarisée",30.8
71,Saône-et-Loire,2020,15-26,Âge,15-26
72,Sarthe,2020,15-26,Nombre de personne non scolarisé,420370
72,Sarthe,2020,15-26,Part des diplômés d'un BAC+5 ou plus dans la population non scolarisée,6
72,Sarthe,2020,15-26,Part des diplômés d'un BAC+3 ou BAC+4 dans la population non scolarisée,7.4
72,Sarthe,2020,15-26,Part des diplômés d'un BAC+2 dans la population non scolarisée,10.1
72,Sarthe,2020,15-26,"Part des personnes, dont le diplôme le plus élevé est le bac, dans la population non scolarisée",16.5
72,Sarthe,2020,15-26,"Part des personne, dont le diplôme le plus élevé est un CAP ou un BEP, dans la population non scolarisée",30.3
72,Sarthe,2020,15-26,Âge,15-26
73,Savoie,2020,15-26,Nombre de personne non scolarisé,330431
73,Savoie,2020,15-26,Part des diplômés d'un BAC+5 ou plus dans la population non scolarisée,9.6
73,Savoie,2020,15-26,Part des diplômés d'un BAC+3 ou BAC+4 dans la population non scolarisée,10.4
73,Savoie,2020,15-26,Part des diplômés d'un BAC+2 dans la population non scolarisée,12.7
73,Savoie,2020,15-26,"Part des personnes, dont le diplôme le plus élevé est le bac, dans la population non scolarisée",18.2
73,Savoie,2020,15-26,"Part des personne, dont le diplôme le plus élevé est un CAP ou un BEP, dans la population non scolarisée",26.9
73,Savoie,2020,15-26,Âge,15-26
74,Haute-Savoie,2020,15-26,Nombre de personne non scolarisé,616690
74,Haute-Savoie,2020,15-26,Part des diplômés d'un BAC+5 ou plus dans la population non scolarisée,11.3
74,Haute-Savoie,2020,15-26,Part des diplômés d'un BAC+3 ou BAC+4 dans la population non scolarisée,11.4
74,Haute-Savoie,2020,15-26,Part des diplômés d'un BAC+2 dans la population non scolarisée,12.8
74,Haute-Savoie,2020,15-26,"Part des personnes, dont le diplôme le plus élevé est le bac, dans la population non scolarisée",18.2
74,Haute-Savoie,2020,15-26,"Part des personne, dont le diplôme le plus élevé est un CAP ou un BEP, dans la population non scolarisée",25.2
74,Haute-Savoie,2020,15-26,Âge,15-26
75,Paris,2020,15-26,Nombre de personne non scolarisé,1563175
75,Paris,2020,15-26,Part des diplômés d'un BAC+5 ou plus dans la population non scolarisée,40.4
75,Paris,2020,15-26,Part des diplômés d'un BAC+3 ou BAC+4 dans la population non scolarisée,15.4
75,Paris,2020,15-26,Part des diplômés d'un BAC+2 dans la population non scolarisée,8.1
75,Paris,2020,15-26,"Part des personnes, dont le diplôme le plus élevé est le bac, dans la population non scolarisée",12.4
75,Paris,2020,15-26,"Part des personne, dont le diplôme le plus élevé est un CAP ou un BEP, dans la population non scolarisée",7.9
75,Paris,2020,15-26,Âge,15-26
76,Seine-Maritime,2020,15-26,Nombre de personne non scolarisé,914748
76,Seine-Maritime,2020,15-26,Part des diplômés d'un BAC+5 ou plus dans la population non scolarisée,7.7
76,Seine-Maritime,2020,15-26,Part des diplômés d'un BAC+3 ou BAC+4 dans la population non scolarisée,7.8
76,Seine-Maritime,2020,15-26,Part des diplômés d'un BAC+2 dans la population non scolarisée,10.5
76,Seine-Maritime,2020,15-26,"Part des personnes, dont le diplôme le plus élevé est le bac, dans la population non scolarisée",16.6
76,Seine-Maritime,2020,15-26,"Part des personne, dont le diplôme le plus élevé est un CAP ou un BEP, dans la population non scolarisée",27.9
76,Seine-Maritime,2020,15-26,Âge,15-26
77,Seine-et-Marne,2020,15-26,Nombre de personne non scolarisé,999753
77,Seine-et-Marne,2020,15-26,Part des diplômés d'un BAC+5 ou plus dans la population non scolarisée,9.3
77,Seine-et-Marne,2020,15-26,Part des diplômés d'un BAC+3 ou BAC+4 dans la population non scolarisée,9.9
77,Seine-et-Marne,2020,15-26,Part des diplômés d'un BAC+2 dans la population non scolarisée,12.6
77,Seine-et-Marne,2020,15-26,"Part des personnes, dont le diplôme le plus élevé est le bac, dans la population non scolarisée",19.5
77,Seine-et-Marne,2020,15-26,"Part des personne, dont le diplôme le plus élevé est un CAP ou un BEP, dans la population non scolarisée",23.4
77,Seine-et-Marne,2020,15-26,Âge,15-26
78,Yvelines,2020,15-26,Nombre de personne non scolarisé,1010794
78,Yvelines,2020,15-26,Part des diplômés d'un BAC+5 ou plus dans la population non scolarisée,21.5
78,Yvelines,2020,15-26,Part des diplômés d'un BAC+3 ou BAC+4 dans la population non scolarisée,12.3
78,Yvelines,2020,15-26,Part des diplômés d'un BAC+2 dans la population non scolarisée,12.7
78,Yvelines,2020,15-26,"Part des personnes, dont le diplôme le plus élevé est le bac, dans la population non scolarisée",16.1
78,Yvelines,2020,15-26,"Part des personne, dont le diplôme le plus élevé est un CAP ou un BEP, dans la population non scolarisée",17.2
78,Yvelines,2020,15-26,Âge,15-26
79,Deux-Sèvres,2020,15-26,Nombre de personne non scolarisé,286225
79,Deux-Sèvres,2020,15-26,Part des diplômés d'un BAC+5 ou plus dans la population non scolarisée,5.8
79,Deux-Sèvres,2020,15-26,Part des diplômés d'un BAC+3 ou BAC+4 dans la population non scolarisée,7.5
79,Deux-Sèvres,2020,15-26,Part des diplômés d'un BAC+2 dans la population non scolarisée,11.2
79,Deux-Sèvres,2020,15-26,"Part des personnes, dont le diplôme le plus élevé est le bac, dans la population non scolarisée",17.1
79,Deux-Sèvres,2020,15-26,"Part des personne, dont le diplôme le plus élevé est un CAP ou un BEP, dans la population non scolarisée",29.3
79,Deux-Sèvres,2020,15-26,Âge,15-26
80,Somme,2020,15-26,Nombre de personne non scolarisé,414842
80,Somme,2020,15-26,Part des diplômés d'un BAC+5 ou plus dans la population non scolarisée,6.6
80,Somme,2020,15-26,Part des diplômés d'un BAC+3 ou BAC+4 dans la population non scolarisée,7.5
80,Somme,2020,15-26,Part des diplômés d'un BAC+2 dans la population non scolarisée,10
80,Somme,2020,15-26,"Part des personnes, dont le diplôme le plus élevé est le bac, dans la population non scolarisée",16.4
80,Somme,2020,15-26,"Part des personne, dont le diplôme le plus élevé est un CAP ou un BEP, dans la population non scolarisée",26.3
80,Somme,2020,15-26,Âge,15-26
81,Tarn,2020,15-26,Nombre de personne non scolarisé,300366
81,Tarn,2020,15-26,Part des diplômés d'un BAC+5 ou plus dans la population non scolarisée,6.8
81,Tarn,2020,15-26,Part des diplômés d'un BAC+3 ou BAC+4 dans la population non scolarisée,9
81,Tarn,2020,15-26,Part des diplômés d'un BAC+2 dans la population non scolarisée,11.5
81,Tarn,2020,15-26,"Part des personnes, dont le diplôme le plus élevé est le bac, dans la population non scolarisée",18.2
81,Tarn,2020,15-26,"Part des personne, dont le diplôme le plus élevé est un CAP ou un BEP, dans la population non scolarisée",26.2
81,Tarn,2020,15-26,Âge,15-26
82,Tarn-et-Garonne,2020,15-26,Nombre de personne non scolarisé,196837
82,Tarn-et-Garonne,2020,15-26,Part des diplômés d'un BAC+5 ou plus dans la population non scolarisée,5.9
82,Tarn-et-Garonne,2020,15-26,Part des diplômés d'un BAC+3 ou BAC+4 dans la population non scolarisée,8.2
82,Tarn-et-Garonne,2020,15-26,Part des diplômés d'un BAC+2 dans la population non scolarisée,11
82,Tarn-et-Garonne,2020,15-26,"Part des personnes, dont le diplôme le plus élevé est le bac, dans la population non scolarisée",18.4
82,Tarn-et-Garonne,2020,15-26,"Part des personne, dont le diplôme le plus élevé est un CAP ou un BEP, dans la population non scolarisée",26.3
82,Tarn-et-Garonne,2020,15-26,Âge,15-26
83,Var,2020,15-26,Nombre de personne non scolarisé,845033
83,Var,2020,15-26,Part des diplômés d'un BAC+5 ou plus dans la population non scolarisée,8.4
83,Var,2020,15-26,Part des diplômés d'un BAC+3 ou BAC+4 dans la population non scolarisée,9.2
83,Var,2020,15-26,Part des diplômés d'un BAC+2 dans la population non scolarisée,11.4
83,Var,2020,15-26,"Part des personnes, dont le diplôme le plus élevé est le bac, dans la population non scolarisée",19.8
83,Var,2020,15-26,"Part des personne, dont le diplôme le plus élevé est un CAP ou un BEP, dans la population non scolarisée",24.8
83,Var,2020,15-26,Âge,15-26
84,Vaucluse,2020,15-26,Nombre de personne non scolarisé,421788
84,Vaucluse,2020,15-26,Part des diplômés d'un BAC+5 ou plus dans la population non scolarisée,8.1
84,Vaucluse,2020,15-26,Part des diplômés d'un BAC+3 ou BAC+4 dans la population non scolarisée,9
84,Vaucluse,2020,15-26,Part des diplômés d'un BAC+2 dans la population non scolarisée,11
84,Vaucluse,2020,15-26,"Part des personnes, dont le diplôme le plus élevé est le bac, dans la population non scolarisée",18
84,Vaucluse,2020,15-26,"Part des personne, dont le diplôme le plus élevé est un CAP ou un BEP, dans la population non scolarisée",24.8
84,Vaucluse,2020,15-26,Âge,15-26
85,Vendée,2020,15-26,Nombre de personne non scolarisé,529906
85,Vendée,2020,15-26,Part des diplômés d'un BAC+5 ou plus dans la population non scolarisée,4.8
85,Vendée,2020,15-26,Part des diplômés d'un BAC+3 ou BAC+4 dans la population non scolarisée,7.2
85,Vendée,2020,15-26,Part des diplômés d'un BAC+2 dans la population non scolarisée,10.9
85,Vendée,2020,15-26,"Part des personnes, dont le diplôme le plus élevé est le bac, dans la population non scolarisée",18.2
85,Vendée,2020,15-26,"Part des personne, dont le diplôme le plus élevé est un CAP ou un BEP, dans la population non scolarisée",31.6
85,Vendée,2020,15-26,Âge,15-26
86,Vienne,2020,15-26,Nombre de personne non scolarisé,319696
86,Vienne,2020,15-26,Part des diplômés d'un BAC+5 ou plus dans la population non scolarisée,8.2
86,Vienne,2020,15-26,Part des diplômés d'un BAC+3 ou BAC+4 dans la population non scolarisée,8.8
86,Vienne,2020,15-26,Part des diplômés d'un BAC+2 dans la population non scolarisée,11.1
86,Vienne,2020,15-26,"Part des personnes, dont le diplôme le plus élevé est le bac, dans la population non scolarisée",17.8
86,Vienne,2020,15-26,"Part des personne, dont le diplôme le plus élevé est un CAP ou un BEP, dans la population non scolarisée",27.4
86,Vienne,2020,15-26,Âge,15-26
87,Haute-Vienne,2020,15-26,Nombre de personne non scolarisé,280704
87,Haute-Vienne,2020,15-26,Part des diplômés d'un BAC+5 ou plus dans la population non scolarisée,7.6
87,Haute-Vienne,2020,15-26,Part des diplômés d'un BAC+3 ou BAC+4 dans la population non scolarisée,9.3
87,Haute-Vienne,2020,15-26,Part des diplômés d'un BAC+2 dans la population non scolarisée,10.9
87,Haute-Vienne,2020,15-26,"Part des personnes, dont le diplôme le plus élevé est le bac, dans la population non scolarisée",17.9
87,Haute-Vienne,2020,15-26,"Part des personne, dont le diplôme le plus élevé est un CAP ou un BEP, dans la population non scolarisée",26.5
87,Haute-Vienne,2020,15-26,Âge,15-26
88,Vosges,2020,15-26,Nombre de personne non scolarisé,280883
88,Vosges,2020,15-26,Part des diplômés d'un BAC+5 ou plus dans la population non scolarisée,4.6
88,Vosges,2020,15-26,Part des diplômés d'un BAC+3 ou BAC+4 dans la population non scolarisée,6.7
88,Vosges,2020,15-26,Part des diplômés d'un BAC+2 dans la population non scolarisée,10.2
88,Vosges,2020,15-26,"Part des personnes, dont le diplôme le plus élevé est le bac, dans la population non scolarisée",16.6
88,Vosges,2020,15-26,"Part des personne, dont le diplôme le plus élevé est un CAP ou un BEP, dans la population non scolarisée",29.8
88,Vosges,2020,15-26,Âge,15-26
89,Yonne,2020,15-26,Nombre de personne non scolarisé,257609
89,Yonne,2020,15-26,Part des diplômés d'un BAC+5 ou plus dans la population non scolarisée,5.3
89,Yonne,2020,15-26,Part des diplômés d'un BAC+3 ou BAC+4 dans la population non scolarisée,6.7
89,Yonne,2020,15-26,Part des diplômés d'un BAC+2 dans la population non scolarisée,9.3
89,Yonne,2020,15-26,"Part des personnes, dont le diplôme le plus élevé est le bac, dans la population non scolarisée",16.4
89,Yonne,2020,15-26,"Part des personne, dont le diplôme le plus élevé est un CAP ou un BEP, dans la population non scolarisée",30.5
89,Yonne,2020,15-26,Âge,15-26
90,Territoire de Belfort,2020,15-26,Nombre de personne non scolarisé,103148
90,Territoire de Belfort,2020,15-26,Part des diplômés d'un BAC+5 ou plus dans la population non scolarisée,9.3
90,Territoire de Belfort,2020,15-26,Part des diplômés d'un BAC+3 ou BAC+4 dans la population non scolarisée,8.5
90,Territoire de Belfort,2020,15-26,Part des diplômés d'un BAC+2 dans la population non scolarisée,11.3
90,Territoire de Belfort,2020,15-26,"Part des personnes, dont le diplôme le plus élevé est le bac, dans la population non scolarisée",16.7
90,Territoire de Belfort,2020,15-26,"Part des personne, dont le diplôme le plus élevé est un CAP ou un BEP, dans la population non scolarisée",28
90,Territoire de Belfort,2020,15-26,Âge,15-26
91,Essonne,2020,15-26,Nombre de personne non scolarisé,906036
91,Essonne,2020,15-26,Part des diplômés d'un BAC+5 ou plus dans la population non scolarisée,13.9
91,Essonne,2020,15-26,Part des diplômés d'un BAC+3 ou BAC+4 dans la population non scolarisée,10.8
91,Essonne,2020,15-26,Part des diplômés d'un BAC+2 dans la population non scolarisée,12.8
91,Essonne,2020,15-26,"Part des personnes, dont le diplôme le plus élevé est le bac, dans la population non scolarisée",18.3
91,Essonne,2020,15-26,"Part des personne, dont le diplôme le plus élevé est un CAP ou un BEP, dans la population non scolarisée",20.3
91,Essonne,2020,15-26,Âge,15-26
92,Hauts-de-Seine,2020,15-26,Nombre de personne non scolarisé,1141945
92,Hauts-de-Seine,2020,15-26,Part des diplômés d'un BAC+5 ou plus dans la population non scolarisée,32
92,Hauts-de-Seine,2020,15-26,Part des diplômés d'un BAC+3 ou BAC+4 dans la population non scolarisée,13.6
92,Hauts-de-Seine,2020,15-26,Part des diplômés d'un BAC+2 dans la population non scolarisée,10.5
92,Hauts-de-Seine,2020,15-26,"Part des personnes, dont le diplôme le plus élevé est le bac, dans la population non scolarisée",14.1
92,Hauts-de-Seine,2020,15-26,"Part des personne, dont le diplôme le plus élevé est un CAP ou un BEP, dans la population non scolarisée",11.9
92,Hauts-de-Seine,2020,15-26,Âge,15-26
93,Seine-Saint-Denis,2020,15-26,Nombre de personne non scolarisé,1112210
93,Seine-Saint-Denis,2020,15-26,Part des diplômés d'un BAC+5 ou plus dans la population non scolarisée,10.8
93,Seine-Saint-Denis,2020,15-26,Part des diplômés d'un BAC+3 ou BAC+4 dans la population non scolarisée,9.2
93,Seine-Saint-Denis,2020,15-26,Part des diplômés d'un BAC+2 dans la population non scolarisée,9.4
93,Seine-Saint-Denis,2020,15-26,"Part des personnes, dont le diplôme le plus élevé est le bac, dans la population non scolarisée",17.8
93,Seine-Saint-Denis,2020,15-26,"Part des personne, dont le diplôme le plus élevé est un CAP ou un BEP, dans la population non scolarisée",17.8
93,Seine-Saint-Denis,2020,15-26,Âge,15-26
94,Val-de-Marne,2020,15-26,Nombre de personne non scolarisé,978399
94,Val-de-Marne,2020,15-26,Part des diplômés d'un BAC+5 ou plus dans la population non scolarisée,18.7
94,Val-de-Marne,2020,15-26,Part des diplômés d'un BAC+3 ou BAC+4 dans la population non scolarisée,12.1
94,Val-de-Marne,2020,15-26,Part des diplômés d'un BAC+2 dans la population non scolarisée,11.2
94,Val-de-Marne,2020,15-26,"Part des personnes, dont le diplôme le plus élevé est le bac, dans la population non scolarisée",17
94,Val-de-Marne,2020,15-26,"Part des personne, dont le diplôme le plus élevé est un CAP ou un BEP, dans la population non scolarisée",16.4
94,Val-de-Marne,2020,15-26,Âge,15-26
95,Val-d'Oise,2020,15-26,Nombre de personne non scolarisé,852868
95,Val-d'Oise,2020,15-26,Part des diplômés d'un BAC+5 ou plus dans la population non scolarisée,11.6
95,Val-d'Oise,2020,15-26,Part des diplômés d'un BAC+3 ou BAC+4 dans la population non scolarisée,10.4
95,Val-d'Oise,2020,15-26,Part des diplômés d'un BAC+2 dans la population non scolarisée,12.2
95,Val-d'Oise,2020,15-26,"Part des personnes, dont le diplôme le plus élevé est le bac, dans la population non scolarisée",18.4
95,Val-d'Oise,2020,15-26,"Part des personne, dont le diplôme le plus élevé est un CAP ou un BEP, dans la population non scolarisée",20.9
95,Val-d'Oise,2020,15-26,Âge,15-26
