code_postal,departement,an,taux
01,Ain,2020,10.5
02,Aisne,2020,18.0
03,Allier,2020,15.3
04,Alpes-de-Haute-Provence,2020,16.6
05,Hautes-Alpes,2020,13.9
06,Alpes-Maritimes,2020,16.2
07,Ardèche,2020,14.3
08,Ardennes,2020,18.3
09,Ariège,2020,17.9
10,Aube,2020,16.2
11,Aude,2020,20.0
12,Aveyron,2020,14.0
13,Bouches-du-Rhône,2020,17.9
14,Calvados,2020,11.9
15,Cantal,2020,13.2
16,Charente,2020,14.6
17,Charente-Maritime,2020,12.4
18,Cher,2020,14.0
19,Corrèze,2020,13.1
21,Côte-d'Or,2020,11.5
22,Côtes-d'Armor,2020,12.1
23,Creuse,2020,18.3
24,Dordogne,2020,16.1
25,Doubs,2020,12.2
26,Drôme,2020,14.4
27,Eure,2020,12.3
28,Eure-et-Loir,2020,11.8
29,Finistère,2020,11.0
201,Corse-du-Sud,2020,16.3
202,Haute-Corse,2020,20.1
30,Gard,2020,19.4
31,Haute-Garonne,2020,13.3
32,Gers,2020,15.0
33,Gironde,2020,12.4
34,Hérault,2020,18.7
35,Ille-et-Vilaine,2020,10.7
36,Indre,2020,14.6
37,Indre-et-Loire,2020,12.4
38,Isère,2020,11.3
39,Jura,2020,11.2
40,Landes,2020,11.4
41,Loir-et-Cher,2020,12.5
42,Loire,2020,15.0
43,Haute-Loire,2020,11.9
44,Loire-Atlantique,2020,10.0
45,Loiret,2020,13.2
46,Lot,2020,14.9
47,Lot-et-Garonne,2020,16.8
48,Lozère,2020,14.9
49,Maine-et-Loire,2020,11.1
50,Manche,2020,11.4
51,Marne,2020,14.2
52,Haute-Marne,2020,15.0
53,Mayenne,2020,11.0
54,Meurthe-et-Moselle,2020,14.6
55,Meuse,2020,14.2
56,Morbihan,2020,11.5
57,Moselle,2020,15.3
58,Nièvre,2020,15.5
59,Nord,2020,18.4
60,Oise,2020,12.8
61,Orne,2020,15.0
62,Pas-de-Calais,2020,17.8
63,Puy-de-Dôme,2020,13.2
64,Pyrénées-Atlantiques,2020,12.2
65,Hautes-Pyrénées,2020,15.5
66,Pyrénées-Orientales,2020,20.7
67,Bas-Rhin,2020,13.2
68,Haut-Rhin,2020,13.2
69,Rhône,2020,14.1
70,Haute-Saône,2020,13.0
71,Saône-et-Loire,2020,12.8
72,Sarthe,2020,12.9
73,Savoie,2020,10.3
74,Haute-Savoie,2020,9.4
75,Paris,2020,15.4
76,Seine-Maritime,2020,14.6
77,Seine-et-Marne,2020,11.7
78,Yvelines,2020,9.7
79,Deux-Sèvres,2020,11.9
80,Somme,2020,15.7
81,Tarn,2020,15.3
82,Tarn-et-Garonne,2020,16.3
83,Var,2020,15.3
84,Vaucluse,2020,19.5
85,Vendée,2020,8.9
86,Vienne,2020,14.0
87,Haute-Vienne,2020,15.3
88,Vosges,2020,14.9
89,Yonne,2020,14.3
90,Territoire de Belfort,2020,14.8
91,Essonne,2020,13.2
92,Hauts-de-Seine,2020,11.9
93,Seine-Saint-Denis,2020,27.6
94,Val-de-Marne,2020,16.6
95,Val-d'Oise,2020,17.0
