codgeo,libgeo,an,tx_pauv_60
01,Ain,2020,10.50
02,Aisne,2020,18.00
03,Allier,2020,15.30
04,Alpes-de-Haute-Provence,2020,16.60
05,Hautes-Alpes,2020,13.90
06,Alpes-Maritimes,2020,16.20
07,Ardèche,2020,14.30
08,Ardennes,2020,18.30
09,Ariège,2020,17.90
10,Aube,2020,16.20
11,Aude,2020,20.00
12,Aveyron,2020,14.00
13,Bouches-du-Rhône,2020,17.90
14,Calvados,2020,11.90
15,Cantal,2020,13.20
16,Charente,2020,14.60
17,Charente-Maritime,2020,12.40
18,Cher,2020,14.00
19,Corrèze,2020,13.10
21,Côte-d'Or,2020,11.50
22,Côtes-d'Armor,2020,12.10
23,Creuse,2020,18.30
24,Dordogne,2020,16.10
25,Doubs,2020,12.20
26,Drôme,2020,14.40
27,Eure,2020,12.30
28,Eure-et-Loir,2020,11.80
29,Finistère,2020,11.00
2A,Corse-du-Sud,2020,16.30
2B,Haute-Corse,2020,20.10
30,Gard,2020,19.40
31,Haute-Garonne,2020,13.30
32,Gers,2020,15.00
33,Gironde,2020,12.40
34,Hérault,2020,18.70
35,Ille-et-Vilaine,2020,10.70
36,Indre,2020,14.60
37,Indre-et-Loire,2020,12.40
38,Isère,2020,11.30
39,Jura,2020,11.20
40,Landes,2020,11.40
41,Loir-et-Cher,2020,12.50
42,Loire,2020,15.00
43,Haute-Loire,2020,11.90
44,Loire-Atlantique,2020,10.00
45,Loiret,2020,13.20
46,Lot,2020,14.90
47,Lot-et-Garonne,2020,16.80
48,Lozère,2020,14.90
49,Maine-et-Loire,2020,11.10
50,Manche,2020,11.40
51,Marne,2020,14.20
52,Haute-Marne,2020,15.00
53,Mayenne,2020,11.00
54,Meurthe-et-Moselle,2020,14.60
55,Meuse,2020,14.20
56,Morbihan,2020,11.50
57,Moselle,2020,15.30
58,Nièvre,2020,15.50
59,Nord,2020,18.40
60,Oise,2020,12.80
61,Orne,2020,15.00
62,Pas-de-Calais,2020,17.80
63,Puy-de-Dôme,2020,13.20
64,Pyrénées-Atlantiques,2020,12.20
65,Hautes-Pyrénées,2020,15.50
66,Pyrénées-Orientales,2020,20.70
67,Bas-Rhin,2020,13.20
68,Haut-Rhin,2020,13.20
69,Rhône,2020,14.10
70,Haute-Saône,2020,13.00
71,Saône-et-Loire,2020,12.80
72,Sarthe,2020,12.90
73,Savoie,2020,10.30
74,Haute-Savoie,2020,9.40
75,Paris,2020,15.40
76,Seine-Maritime,2020,14.60
77,Seine-et-Marne,2020,11.70
78,Yvelines,2020,9.70
79,Deux-Sèvres,2020,11.90
80,Somme,2020,15.70
81,Tarn,2020,15.30
82,Tarn-et-Garonne,2020,16.30
83,Var,2020,15.30
84,Vaucluse,2020,19.50
85,Vendée,2020,8.90
86,Vienne,2020,14.00
87,Haute-Vienne,2020,15.30
88,Vosges,2020,14.90
89,Yonne,2020,14.30
90,Territoire de Belfort,2020,14.80
91,Essonne,2020,13.20
92,Hauts-de-Seine,2020,11.90
93,Seine-Saint-Denis,2020,27.60
94,Val-de-Marne,2020,16.60
95,Val-d'Oise,2020,17.00
971,Guadeloupe,,
972,Martinique,2020,26.70
973,Guyane,,
974,La Réunion,2020,35.60
976,Mayotte,,
